id,name,address,email,phone,fax,contact_person
100,Elijah,Huntley,accumsan@SedmolestieSed.org,14240,35398,Stacy Shannon
101,Inez,Cauquenes,purus.ac@pharetraQuisqueac.net,97359,13482,Nissim Paul
102,Kelsey,Drongen,eu@neque.co.uk,53294,17768,Lesley Blanchard
103,Carlos,Göttingen,non.dui.nec@commodoipsumSuspendisse.com,82064,01431,Demetrius Copeland
104,Dahlia,San Antonio,malesuada.fames.ac@placerat.com,06249,40200,Denise Mckinney
105,Jenna,Cessnock,nec@Donecat.com,90346,48538,Lance Foreman
106,Desiree,Southampton,Integer.aliquam@dui.net,87916,68912,Aidan Andrews
107,Evan,Wuppertal,dui.Suspendisse.ac@elementumdui.org,37258,82124,Tyrone Cruz
108,Medge,Jaipur,metus.Aenean@Sed.ca,54873,09520,Owen Freeman
109,Nathan,Cornwall,et@auctor.com,42465,86616,Shad Wooten
110,Quin,Bajaur Agency,sem.magna@dui.org,46950,73992,Dacey Cantrell
111,Barbara,Val Rezzo,vitae@egetnisi.edu,24569,40904,Nasim Herring
112,Chanda,Dunoon,senectus@Naminterdumenim.com,01798,89659,Palmer Morton
113,Colleen,Hull,fringilla.purus@elitNullafacilisi.net,81067,12816,Burton Woodward
114,Keelie,Constitución,Cras@dictumcursusNunc.co.uk,42715,44674,Bethany Moreno
115,Abel,Sheffield,gravida.nunc.sed@In.net,22468,41241,Raya Gray
116,Olympia,Béziers,Nullam.nisl@semperpretiumneque.org,42571,37380,Tallulah Griffin
117,Brady,Spinoso,Proin.ultrices@eu.co.uk,92966,52452,Marah Hampton
118,Quamar,Musakhel,tellus@augue.org,12051,92832,Benedict Hughes
119,Ori,Muzaffargarh,Donec.non.justo@ullamcorper.co.uk,57389,71995,Yeo Moore
120,Dolan,Suncheon,nunc.sed@mus.com,33038,42707,Clark Witt
121,Jillian,Kotlas,ac.orci@liberoInteger.edu,45345,08059,Stacy Fletcher
122,Gregory,Kingston,ornare@cursusa.net,35690,23336,Cailin Mcgowan
123,Simon,Onoz,orci.consectetuer@cursuspurus.ca,43497,82891,Dorothy Dickerson
124,Leo,Wyoming,Morbi.neque@Sedeu.org,74478,82541,Ivor Whitaker
125,Dana,Merksplas,cursus@cursus.ca,00100,64660,Vance Moreno
126,Walker,Nanton,Proin.ultrices.Duis@duilectus.net,55245,67997,Brennan Gibbs
127,Melvin,Aligarh,Duis@Donec.org,59166,57782,Slade Dyer
128,Emi,Albury,augue.eu.tempor@diam.org,89995,51931,Hiroko Ray
129,Maxwell,Austin,Integer.sem@Suspendissetristique.co.uk,41846,39193,Hiroko Floyd
130,Hayden,Argenteuil,felis@sed.ca,35259,18903,Clare Berger
131,Allen,Saint-L�onard,in.cursus@placerat.edu,36051,86122,Ivan Ware
132,Maxwell,Ancarano,Sed.nulla@Duismienim.co.uk,89113,68685,Drew Wilder
133,Clinton,Armstrong,odio.Nam@inceptoshymenaeos.net,92075,67455,Miranda Bray
134,Theodore,Felixstowe,ullamcorper.magna@vitae.ca,61932,14350,Willa Jimenez
135,Rigel,Rimouski,egestas.Sed.pharetra@egestasa.edu,58168,99748,Kylynn Rowe
136,Preston,Llangollen,Duis@aliquet.edu,67351,96570,Kylee Dalton
137,Orli,Serik,sit.amet.consectetuer@enim.com,70490,79040,Hermione Rojas
138,Orla,João Pessoa,dolor.nonummy@commodoipsum.com,69320,49741,Calista Moon
139,Thaddeus,La Tebaida,aliquam.enim@vitae.edu,67298,59849,Catherine English
140,Cade,Turgutlu,vitae.mauris.sit@rhoncusProinnisl.org,67978,09369,Rhona Chandler
141,Eagan,Saint-Denis,arcu.Sed@laoreetliberoet.org,04719,96744,Illiana Pennington
142,Philip,Humbeek,iaculis.quis.pede@tempuseuligula.com,42164,65126,Fatima Bullock
143,Gabriel,Santa Rosa de Cabal,magna.Lorem@pharetra.org,52071,15179,Owen Stevens
144,Joy,Mauá,ut.lacus.Nulla@sem.ca,30383,79867,Hector Shields
145,Kane,Oxford County,dolor@egetvariusultrices.com,45693,21244,Kuame Carpenter
146,Norman,Richmond,rutrum.Fusce@vehiculaPellentesque.ca,62414,87110,Germane Weeks
147,Libby,Novy Oskol,vitae.erat@augue.ca,60308,68485,Vaughan Roberts
148,Edward,Gallodoro,scelerisque.mollis.Phasellus@placerat.edu,44648,91103,Clarke Soto
149,Burke,Bitterfeld-Wolfen,molestie@Aenean.net,07161,34947,Thaddeus Peters
150,Tobias,Kanchrapara,torquent.per@rhoncusDonec.co.uk,78526,22960,Winifred Mcgee
151,Keely,Kingston-on-Thames,porttitor.interdum.Sed@tempuseu.edu,60771,62879,Ignatius Gordon
152,Cora,Knittelfeld,elit@porttitor.ca,09104,41481,Kibo Ewing
153,Madeson,Nelson,Sed.molestie.Sed@Donectempor.co.uk,06559,69424,Kalia Walls
154,Candace,Pöttsching,quis.accumsan.convallis@egetvenenatis.org,95839,81531,Daryl Alford
155,Lewis,Clackmannan,et@aliquetliberoInteger.ca,80644,69410,Selma Berger
156,Leilani,Gwangmyeong,orci@accumsanlaoreetipsum.com,34932,38832,Murphy William
157,Mari,Lille,orci.luctus.et@risusNuncac.edu,90456,67093,Xaviera Crane
158,Frances,Milano,Vivamus.molestie@Seddiam.org,63502,37511,Cole Murray
159,Quincy,Ávila,a.malesuada.id@blanditNamnulla.net,41486,36725,Fredericka Guthrie
160,Kirsten,Sparwood,egestas.ligula.Nullam@dapibusligula.ca,91789,18407,Anika Cherry
161,Dexter,Jasper,lorem.ipsum@montes.co.uk,94061,12192,Nehru Cain
162,Ivan,Toledo,cubilia@nequeSedeget.edu,06212,17569,India Pearson
163,Damian,Savona,neque.Nullam.nisl@eulacusQuisque.org,69704,75588,Addison Contreras
164,Kimberley,Plymouth,Phasellus@dictum.org,61405,45695,Keefe Ortega
165,Jemima,Puerto Colombia,et@facilisis.com,71143,21522,Chester Robbins
166,Finn,Castiglione del Lago,elit.elit@luctus.net,42272,60333,Grace Sandoval
167,Amena,Motala,magna.Lorem.ipsum@duiFusce.edu,37538,20697,Denise Burt
168,Adrian,Ulsan,turpis@Donec.edu,25345,73766,Ann Rogers
169,Kamal,Eckville,vel.sapien.imperdiet@metussit.org,68882,34787,Brock Hester
170,Slade,Cambridge Bay,eleifend@ipsum.ca,62977,61522,Clayton Velazquez
171,Cameran,Okara,mi@Cum.com,62704,67722,Marcia Kirkland
172,Rashad,Coalhurst,tempus.lorem.fringilla@sedlibero.ca,47043,55555,Ethan Rogers
173,Winter,North Bay,vitae@duiinsodales.ca,13075,60122,Cadman Sutton
174,Kirsten,Batiscan,Nulla.aliquet.Proin@tempusrisusDonec.net,06214,80448,Owen Chase
175,Martha,Kerkrade,ligula.Nullam@etarcuimperdiet.edu,43444,49496,Tatyana Patton
176,Brian,Zeveneken,feugiat@sedturpis.org,37262,13383,Kylee Norman
177,Wallace,Torres del Paine,Curabitur.dictum.Phasellus@Class.net,76379,74814,Amery Delgado
178,Colby,Uijeongbu,neque.venenatis.lacus@eu.co.uk,34280,16814,Nolan Snider
179,Murphy,Khotkovo,pede.Suspendisse@adipiscingelit.ca,86682,35536,Wilma Skinner
180,Vera,Osimo,tempus@nonfeugiatnec.ca,03175,54617,Timothy Kidd
181,Marsden,Paupisi,orci.luctus@atvelit.co.uk,65133,66598,Lucius Mitchell
182,Castor,Burlington,Nam.ligula.elit@ac.com,83262,46564,Malik Galloway
183,Curran,Edmonton,sit.amet.dapibus@scelerisque.co.uk,40654,77690,Burton Galloway
184,Donovan,Comblain-la-Tour,non.justo@Integer.com,19122,99600,Ina Atkins
185,Deanna,Bodmin,nascetur@ullamcorper.co.uk,29804,99057,Lucy Sheppard
186,Vera,Baton Rouge,sed@tellusPhasellus.co.uk,34358,46053,Orlando Morton
187,Kaitlin,Stargard Szczeciński,sit.amet@fermentum.com,68622,82209,Beck Atkinson
188,Darrel,Bregenz,dolor.egestas.rhoncus@sem.org,89812,72061,Bianca Gilmore
189,Boris,Sergiyev Posad,pede@felis.org,32463,17859,Echo Ruiz
190,Uriah,Burin,lorem@temporarcu.co.uk,79521,73239,Kristen Patterson
191,Keelie,Southampton,ut@etmagnis.net,59028,14701,Whitney Branch
192,Quincy,Jumet,quis@Donecdignissimmagna.org,55789,70303,Patrick Gallegos
193,Avye,Gistel,Morbi.metus@disparturientmontes.org,08993,76604,Kerry Monroe
194,Bryar,Villers-aux-Tours,Praesent.eu.dui@ametdapibus.net,99366,49909,Mark Simpson
195,Richard,Klintsy,Morbi.vehicula@justo.co.uk,97938,45939,Todd Morris
196,Myles,Puerto Carreño,eget.varius.ultrices@sitametfaucibus.co.uk,40792,45423,Madaline Garcia
197,Axel,Knighton,vel.vulputate.eu@risusMorbimetus.net,04821,84346,Ulysses Blankenship
198,Oliver,Rhisnes,velit@eratsemper.ca,59439,51802,Barclay Shaffer
199,Vance,Gerpinnes,vulputate@mollislectuspede.ca,26292,49101,Inga Baldwin
