id,name,address,email,phone
100,Zeph Fisher,Roxburgh,dictum@at.com,58653
101,Damon Pearson,Rezé,diam.Sed.diam@elementumdui.net,02112
102,Martena Stafford,Ballarat,morbi@afeugiattellus.ca,93197
103,Dalton Baker,Hattem,mi.pede.nonummy@natoquepenatibus.ca,11176
104,Azalia Petersen,Neyveli,sodales.nisi.magna@augueSedmolestie.com,45223
105,Eric Slater,Frauenkirchen,Donec.luctus.aliquet@pede.edu,49497
106,Cheryl Pittman,Attert,ultricies@euultrices.co.uk,80212
107,Damon Carroll,Denderbelle,sapien.Nunc.pulvinar@fermentumrisus.ca,82821
108,Kerry Jackson,Mönchengladbach,semper.erat@etnetus.org,44742
109,Edward Chen,Parramatta,eget@metussit.org,83516
110,Jamalia Snider,Tiel,Nunc.ac.sem@euturpisNulla.com,45384
111,Thane Mason,Minervino di Lecce,et@arcuMorbisit.org,49363
112,May Santana,Prestatyn,quam.dignissim.pharetra@quam.edu,29036
113,Darius Sargent,Guarulhos,porttitor.vulputate@enim.org,22179
114,Astra Allen,Zhukovsky,in.molestie@auctor.com,82604
115,Solomon Foley,Hody,nec.enim@actellus.co.uk,06342
116,Zachery Rodriguez,Greenwich,Nulla@eratVivamus.org,91403
117,Akeem Sargent,San Maurizio Canavese,magna.sed@quamPellentesque.com,43411
118,Jorden Morales,San Giovanni Suergiu,Quisque@utpharetra.edu,66268
119,Orla Santiago,Lyubertsy,dignissim.lacus@molestie.org,21534
120,Winter Schroeder,Banff,faucibus.ut@dolor.org,57646
121,Dora Patton,Charlottetown,non.feugiat@euismodetcommodo.org,20627
122,Ulla Mcgee,Haridwar,imperdiet.dictum.magna@dignissimtempor.org,44305
123,Hall Gamble,Orosei,non.nisi.Aenean@turpisegestas.net,18085
124,Shaeleigh Armstrong,Whitburn,commodo@temporestac.edu,47394
125,Quail Erickson,Motta Visconti,Nunc.mauris@pedeultricesa.net,21007
126,Alexandra Wagner,Inveraray,quis.accumsan@arcuVestibulumut.net,89485
127,Iliana Andrews,Aalst,Pellentesque.tincidunt@nisiCum.co.uk,05352
128,Evan Bates,Bhiwandi,interdum.Curabitur.dictum@dictumaugue.net,23952
129,Fuller William,Zona Bananera,ullamcorper.eu@varius.net,51359
130,Perry Terrell,Meridian,diam.Pellentesque.habitant@conguea.com,81334
131,Elijah Rasmussen,Keith,pellentesque.eget.dictum@nequeetnunc.com,53094
132,April Dudley,Stony Plain,sem@Aeneaneuismod.co.uk,92655
133,Kim Harrison,Körfez,ipsum.Suspendisse@luctuset.ca,16454
134,Jacqueline Larson,Opglabbeek,Cum@quisdiam.org,22937
135,Elton Wood,Ruthin,enim.Curabitur@Nullamut.edu,33328
136,Brett Griffin,Caldarola,eleifend.nunc@tellusfaucibus.co.uk,76551
137,Calvin Calhoun,Tarakan,a.mi@porttitor.co.uk,99831
138,Hiram Berry,Huacho,interdum@erat.co.uk,80207
139,Thor Moore,Moircy,pellentesque.eget.dictum@maurisut.co.uk,84269
140,Timothy Bryant,Lampeter,adipiscing.enim@indolorFusce.edu,51800
141,Hilel Herring,Bochum,augue.ac@velpedeblandit.co.uk,73283
142,Ainsley May,Sunderland,eget.volutpat.ornare@sit.co.uk,91981
143,Merrill Coffey,Gallicchio,pede@lacusUt.edu,64319
144,Kiara Juarez,Auburn,at@felis.ca,94094
145,Ivor Norton,West Vancouver,amet@idenim.org,26872
146,Virginia Hancock,B.S.D.,quam@vel.org,14655
147,Brandon Maldonado,Domodedovo,Duis.cursus.diam@semper.com,67841
148,Yeo Mann,Crewe,dictum.eleifend@vehiculaetrutrum.ca,25744
149,Lois Hinton,Villata,metus@suscipitnonummyFusce.org,99281
150,Lance Nichols,Astrakhan,condimentum.eget.volutpat@mitemporlorem.ca,05596
151,Aline Osborne,Rimbey,Fusce.mi.lorem@necluctus.org,53712
152,Mason Wagner,Cellara,ipsum.primis@faucibusorciluctus.net,47832
153,Matthew Berger,Miranda,Fusce@mollisvitaeposuere.net,82066
154,Shea Cardenas,Paradise,ornare.facilisis.eget@molestietellusAenean.com,18804
155,Odessa Howell,Polesella,in.consectetuer@augue.net,87626
156,Brent Goodman,Oostende,ipsum.nunc.id@metusInlorem.org,89062
157,Ronan Lindsey,Isle-aux-Coudres,magna@posuerecubilia.com,76725
158,Barry Sullivan,Pointe-aux-Trembles,neque@Aeneaneget.ca,25231
159,Leonard Willis,Veldwezelt,Integer@vitae.com,73744
160,Preston Powell,Limal,lacus.pede.sagittis@purusNullam.com,76130
161,Evan Dawson,Toledo,dolor.sit@consequat.org,37395
162,Naida Franks,Halen,quam.quis.diam@nulla.edu,93204
163,Sloane Cook,Santa Luzia,et.rutrum@Fusce.com,34775
164,Chloe Pruitt,Parkland County,a.neque@Donecdignissimmagna.ca,01036
165,Kimberley Compton,Brisbane,fringilla.est@etultrices.ca,38335
166,Orla Sweet,Bad Vöslau,et@Nuncquisarcu.co.uk,52975
167,Carl Carroll,Puerto Vallarta,metus.facilisis.lorem@sapiencursusin.co.uk,96218
168,Dennis Bowen,Cuttack,a.auctor@sollicitudinadipiscing.co.uk,60109
169,Xerxes Lyons,Pisa,amet@penatibus.com,00579
170,Stephanie Goff,Kalgoorlie-Boulder,tincidunt.orci@dignissimtempor.com,60420
171,Ann Lane,Shikarpur,eu@ProindolorNulla.org,54611
172,Ava Hoover,Tourinne,faucibus.id@dui.edu,40962
173,Cathleen Pratt,Windermere,Etiam.imperdiet@ridiculus.com,30802
174,Cullen Olsen,Seltso,tellus.Suspendisse.sed@Morbiquisurna.net,44271
175,Eliana Rivera,San Vicente,Sed.eu@Fuscediamnunc.org,24547
176,Rhoda Walker,Wachtebeke,vestibulum@semutcursus.org,50981
177,Russell Fuentes,Huelva,a@liberoProinmi.ca,02749
178,Carl Leach,Afşin,a.arcu@atiaculisquis.org,21736
179,Ronan Mejia,Osasco,nisi.sem.semper@iaculisquispede.ca,89055
180,Cyrus Douglas,Landshut,pretium.aliquet@maurisaliquam.com,72113
181,Idola Garner,Whitchurch-Stouffville,non.arcu@auguemalesuadamalesuada.co.uk,58150
182,Upton Rutledge,Whitewater Region Township,Curae.Phasellus.ornare@Donecdignissim.co.uk,72118
183,Kieran Santiago,San José de Maipo,commodo@dui.ca,68083
184,Vincent Keith,Santo Stefano del Sole,iaculis@mollisPhaselluslibero.edu,86194
185,Buckminster Harrison,Graven Grez-Doiceau,ipsum@diamatpretium.co.uk,37156
186,Alec Puckett,Chatillon,Lorem.ipsum@mollis.com,54270
187,Aileen Bryan,Joué-lès-Tours,ullamcorper@sociisnatoquepenatibus.ca,25811
188,Uriah Whitaker,Warwick,Suspendisse.sed.dolor@fringillamilacinia.org,19748
189,Ruby Ingram,North Battleford,magna@Vivamusnibh.org,87882
190,Dustin Webster,Barddhaman,vel.quam@Nunc.net,95782
191,Gary Blankenship,Hilo,turpis.Nulla@liberomauris.co.uk,04583
192,Harding Moran,Braies/Prags,Nulla@consectetueripsumnunc.com,61418
193,Kieran Hogan,Wansin,Aliquam@nislsemconsequat.edu,06186
194,Dolan Potts,Gattatico,fames.ac.turpis@ipsum.co.uk,00702
195,Caldwell Rowe,San Antonio,libero@mitempor.net,27122
196,William Lancaster,Marseille,lorem.vehicula.et@dis.org,87000
197,Kadeem Allen,Vlimmeren,lectus.quis.massa@malesuada.ca,83866
198,Hoyt Pruitt,São Luís,odio.Nam.interdum@placeratCras.net,21069
199,Dana Bonner,Caledon,habitant.morbi.tristique@natoquepenatibus.edu,77317
